INSERT INTO State (code, name) VALUES
('AL', 'Alabama'),
('AK', 'Alaska'),
('AZ', 'Arizona'),
('AR', 'Arkansas'),
('CA', 'California'),
('CO', 'Colorado'),
('CT', 'Connecticut'),
('DE', 'Delaware'),
('FL', 'Florida'),
('GA', 'Georgia'),
('HI', 'Hawaii'),
('ID', 'Idaho'),
('IL', 'Illinois'),
('IN', 'Indiana'),
('IA', 'Iowa'),
('KS', 'Kansas'),
('KY', 'Kentucky'),
('LA', 'Louisiana'),
('ME', 'Maine'),
('MD', 'Maryland'),
('MA', 'Massachusetts'),
('MI', 'Michigan'),
('MN', 'Minnesota'),
('MS', 'Mississippi'),
('MO', 'Missouri'),
('MT', 'Montana'),
('NE', 'Nebraska'),
('NV', 'Nevada'),
('NH', 'New Hampshire'),
('NJ', 'New Jersey'),
('NM', 'New Mexico'),
('NY', 'New York'),
('NC', 'North Carolina'),
('ND', 'North Dakota'),
('OH', 'Ohio'),
('OK', 'Oklahoma'),
('OR', 'Oregon'),
('PA', 'Pennsylvania'),
('RI', 'Rhode Island'),
('SC', 'South Carolina'),
('SD', 'South Dakota'),
('TN', 'Tennessee'),
('TX', 'Texas'),
('UT', 'Utah'),
('VT', 'Vermont'),
('VA', 'Virginia'),
('WA', 'Washington'),
('WV', 'West Virginia'),
('WI', 'Wisconsin'),
('WY', 'Wyoming');

INSERT INTO City (name, state) VALUES
('Birmingham', 'AL'),
('Anchorage', 'AK'),
('Phoenix', 'AZ'),
('Little Rock', 'AR'),
('Los Angeles', 'CA'),
('Denver', 'CO'),
('Hartford', 'CT'),
('Wilmington', 'DE'),
('Miami', 'FL'),
('Atlanta', 'GA'),
('Honolulu', 'HI'),
('Boise', 'ID'),
('Chicago', 'IL'),
('Indianapolis', 'IN'),
('Des Moines', 'IA'),
('Wichita', 'KS'),
('Louisville', 'KY'),
('New Orleans', 'LA'),
('Portland', 'ME'),
('Baltimore', 'MD'),
('Boston', 'MA'),
('Detroit', 'MI'),
('Minneapolis', 'MN'),
('Jackson', 'MS'),
('Kansas City', 'MO'),
('Billings', 'MT'),
('Omaha', 'NE'),
('Las Vegas', 'NV'),
('Manchester', 'NH'),
('Newark', 'NJ'),
('Albuquerque', 'NM'),
('New York City', 'NY'),
('Charlotte', 'NC'),
('Fargo', 'ND'),
('Columbus', 'OH'),
('Oklahoma City', 'OK'),
('Portland', 'OR'),
('Philadelphia', 'PA'),
('Providence', 'RI'),
('Charleston', 'SC'),
('Sioux Falls', 'SD'),
('Nashville', 'TN'),
('Houston', 'TX'),
('Salt Lake City', 'UT'),
('Burlington', 'VT'),
('Richmond', 'VA'),
('Seattle', 'WA'),
('Charleston', 'WV'),
('Milwaukee', 'WI'),
('Cheyenne', 'WY');

INSERT INTO City (name, state) VALUES
('Montgomery', 'AL'),
('Fairbanks', 'AK'),
('Tucson', 'AZ'),
('Fayetteville', 'AR'),
('San Francisco', 'CA'),
('Colorado Springs', 'CO'),
('New Haven', 'CT'),
('Dover', 'DE'),
('Orlando', 'FL'),
('Savannah', 'GA'),
('Hilo', 'HI'),
('Idaho Falls', 'ID'),
('Springfield', 'IL'),
('Fort Wayne', 'IN'),
('Cedar Rapids', 'IA'),
('Topeka', 'KS'),
('Lexington', 'KY'),
('Baton Rouge', 'LA'),
('Bangor', 'ME'),
('Annapolis', 'MD'),
('Worcester', 'MA'),
('Grand Rapids', 'MI'),
('Duluth', 'MN'),
('Gulfport', 'MS'),
('St. Louis', 'MO'),
('Missoula', 'MT'),
('Lincoln', 'NE'),
('Reno', 'NV'),
('Concord', 'NH'),
('Jersey City', 'NJ'),
('Santa Fe', 'NM'),
('Buffalo', 'NY'),
('Raleigh', 'NC'),
('Bismarck', 'ND'),
('Cleveland', 'OH'),
('Tulsa', 'OK'),
('Eugene', 'OR'),
('Pittsburgh', 'PA'),
('Newport', 'RI'),
('Greenville', 'SC'),
('Rapid City', 'SD'),
('Memphis', 'TN'),
('Dallas', 'TX'),
('Provo', 'UT'),
('Montpelier', 'VT'),
('Norfolk', 'VA'),
('Spokane', 'WA'),
('Huntington', 'WV'),
('Green Bay', 'WI'),
('Casper', 'WY');

INSERT INTO City (name, state) VALUES
('Huntsville', 'AL'),
('Juneau', 'AK'),
('Flagstaff', 'AZ'),
('Hot Springs', 'AR'),
('San Diego', 'CA'),
('Fort Collins', 'CO'),
('Stamford', 'CT'),
('Newark', 'DE'),
('Tampa', 'FL'),
('Macon', 'GA'),
('Kailua', 'HI'),
('Twin Falls', 'ID'),
('Peoria', 'IL'),
('South Bend', 'IN'),
('Iowa City', 'IA'),
('Lawrence', 'KS'),
('Bowling Green', 'KY'),
('Lafayette', 'LA'),
('Augusta', 'ME'),
('Frederick', 'MD'),
('Springfield', 'MA'),
('Ann Arbor', 'MI'),
('Rochester', 'MN'),
('Vicksburg', 'MS'),
('Columbia', 'MO'),
('Helena', 'MT'),
('Kearney', 'NE'),
('Henderson', 'NV'),
('Keene', 'NH'),
('Paterson', 'NJ'),
('Las Cruces', 'NM'),
('Rochester', 'NY'),
('Asheville', 'NC'),
('Minot', 'ND'),
('Dayton', 'OH'),
('Norman', 'OK'),
('Bend', 'OR'),
('Erie', 'PA'),
('Warwick', 'RI'),
('Spartanburg', 'SC'),
('Brookings', 'SD'),
('Knoxville', 'TN'),
('Austin', 'TX'),
('Ogden', 'UT'),
('Rutland', 'VT'),
('Roanoke', 'VA'),
('Tacoma', 'WA'),
('Parkersburg', 'WV'),
('Appleton', 'WI'),
('Laramie', 'WY');

